banner_id,brand,brand_slug,type,position,device,order,enabled,original_filename,github_upload_path,image_url,target_url_can_sua,drive_source_folder,drive_file_url
top_horizontal_01_bottom,TOP,top,horizontal,bottom_fixed,all,1,True,TOP_CPD-WC2026_728x90.gif,assets/library/top/horizontal/TOP_CPD-WC2026_728x90.gif,https://baner-meo-beo-cpu.github.io/banner-library/assets/library/top/horizontal/TOP_CPD-WC2026_728x90.gif,https://link-cua-anh.com/top/horizontal/01,1. CAT FISH,https://drive.google.com/file/d/1Fwkzqrj4PjXjQU145rJrfJuSS9IqWsCS/view?usp=drivesdk
va_horizontal_02_bottom,VA,va,horizontal,bottom_fixed,all,2,False,CPD_VA_WORLDCUP26_728x90.gif,assets/library/va/horizontal/CPD_VA_WORLDCUP26_728x90.gif,https://baner-meo-beo-cpu.github.io/banner-library/assets/library/va/horizontal/CPD_VA_WORLDCUP26_728x90.gif,https://link-cua-anh.com/va/horizontal/02,1. CAT FISH,https://drive.google.com/file/d/1H2xBbi8Bcggj7W0SvVylxGx48CIsfg2y/view?usp=drivesdk
ox_horizontal_03_bottom,OX,ox,horizontal,bottom_fixed,all,3,False,OX_CPD_WC_728x90.gif,assets/library/ox/horizontal/OX_CPD_WC_728x90.gif,https://baner-meo-beo-cpu.github.io/banner-library/assets/library/ox/horizontal/OX_CPD_WC_728x90.gif,https://link-cua-anh.com/ox/horizontal/03,1. CAT FISH,https://drive.google.com/file/d/1kQPBgBeuc1WWCkHwEn8BCpMpb_CJsxqi/view?usp=drivesdk
11bet_horizontal_04_bottom,11BET,11bet,horizontal,bottom_fixed,all,4,False,CPD_11BET_WC_728x90.gif,assets/library/11bet/horizontal/CPD_11BET_WC_728x90.gif,https://baner-meo-beo-cpu.github.io/banner-library/assets/library/11bet/horizontal/CPD_11BET_WC_728x90.gif,https://link-cua-anh.com/11bet/horizontal/04,1. CAT FISH,https://drive.google.com/file/d/1ossCLorfBgM7FIW_nM0ew8ySfMCUvhvI/view?usp=drivesdk
one88_horizontal_05_bottom,ONE88,one88,horizontal,bottom_fixed,all,5,False,One88_CPD_WC26_728x90.gif,assets/library/one88/horizontal/One88_CPD_WC26_728x90.gif,https://baner-meo-beo-cpu.github.io/banner-library/assets/library/one88/horizontal/One88_CPD_WC26_728x90.gif,https://link-cua-anh.com/one88/horizontal/05,1. CAT FISH,https://drive.google.com/file/d/18Fa98gvdRMuxttnydY8busKpTNeUUzoO/view?usp=drivesdk
nbet_horizontal_06_bottom,NBET,nbet,horizontal,bottom_fixed,all,6,False,NBET_CPD_WC26_728x90.gif,assets/library/nbet/horizontal/NBET_CPD_WC26_728x90.gif,https://baner-meo-beo-cpu.github.io/banner-library/assets/library/nbet/horizontal/NBET_CPD_WC26_728x90.gif,https://link-cua-anh.com/nbet/horizontal/06,1. CAT FISH,https://drive.google.com/file/d/1jleMFV2nSkrW6BVvIKKRqtksjKKkiNir/view?usp=drivesdk
fb_horizontal_07_bottom,FB,fb,horizontal,bottom_fixed,all,7,False,FB_CPD_WC26_728x90.gif,assets/library/fb/horizontal/FB_CPD_WC26_728x90.gif,https://baner-meo-beo-cpu.github.io/banner-library/assets/library/fb/horizontal/FB_CPD_WC26_728x90.gif,https://link-cua-anh.com/fb/horizontal/07,1. CAT FISH,https://drive.google.com/file/d/1l0OLzLuJUXGsFl0EhiVNspDgVLq_Ws0Q/view?usp=drivesdk
bec_horizontal_08_bottom,BEC,bec,horizontal,bottom_fixed,all,8,False,BEC_CPD_WC26_728x90.gif,assets/library/bec/horizontal/BEC_CPD_WC26_728x90.gif,https://baner-meo-beo-cpu.github.io/banner-library/assets/library/bec/horizontal/BEC_CPD_WC26_728x90.gif,https://link-cua-anh.com/bec/horizontal/08,1. CAT FISH,https://drive.google.com/file/d/1AOI1yFjWpqoHSts6L8vcAlFUu92hmdcZ/view?usp=drivesdk
388bet_horizontal_09_bottom,388BET,388bet,horizontal,bottom_fixed,all,9,False,388BET_CPD-WC_728x90.gif,assets/library/388bet/horizontal/388BET_CPD-WC_728x90.gif,https://baner-meo-beo-cpu.github.io/banner-library/assets/library/388bet/horizontal/388BET_CPD-WC_728x90.gif,https://link-cua-anh.com/388bet/horizontal/09,1. CAT FISH,https://drive.google.com/file/d/1Y_RUtol4o-6aO6KRMw3AL6N0PnKEqW5l/view?usp=drivesdk
ld_horizontal_10_bottom,LD,ld,horizontal,bottom_fixed,all,10,False,LD_CPD_WC_V2_728x90.gif,assets/library/ld/horizontal/LD_CPD_WC_V2_728x90.gif,https://baner-meo-beo-cpu.github.io/banner-library/assets/library/ld/horizontal/LD_CPD_WC_V2_728x90.gif,https://link-cua-anh.com/ld/horizontal/10,1. CAT FISH,https://drive.google.com/file/d/1eNXrV7UWffuVvvw-aGpgdUaQPfk57M_g/view?usp=drivesdk
fc_horizontal_11_bottom,FC,fc,horizontal,bottom_fixed,all,11,False,FC_CPD_WC26_728x90.gif,assets/library/fc/horizontal/FC_CPD_WC26_728x90.gif,https://baner-meo-beo-cpu.github.io/banner-library/assets/library/fc/horizontal/FC_CPD_WC26_728x90.gif,https://link-cua-anh.com/fc/horizontal/11,1. CAT FISH,https://drive.google.com/file/d/1QyUYToud7JCn6ZFSfV_8o9xnEDfmu8Wl/view?usp=drivesdk
big_horizontal_12_bottom,BIG,big,horizontal,bottom_fixed,all,12,False,BIG_CPD-WC2026_728x90.gif,assets/library/big/horizontal/BIG_CPD-WC2026_728x90.gif,https://baner-meo-beo-cpu.github.io/banner-library/assets/library/big/horizontal/BIG_CPD-WC2026_728x90.gif,https://link-cua-anh.com/big/horizontal/12,1. CAT FISH,https://drive.google.com/file/d/1Vahwl7X3fvkL3e4LUK_sKGJSmM5H5d8M/view?usp=drivesdk
tot_horizontal_13_bottom,TOT,tot,horizontal,bottom_fixed,all,13,False,TOT_CPD-WC-2026_728x90.gif,assets/library/tot/horizontal/TOT_CPD-WC-2026_728x90.gif,https://baner-meo-beo-cpu.github.io/banner-library/assets/library/tot/horizontal/TOT_CPD-WC-2026_728x90.gif,https://link-cua-anh.com/tot/horizontal/13,1. CAT FISH,https://drive.google.com/file/d/1iGCILfxdHfWdwAE3cCDk75CtorMJVgZ9/view?usp=drivesdk
iwin_horizontal_14_bottom,IWIN,iwin,horizontal,bottom_fixed,all,14,False,IWIN_CPD_WC26_728x90.gif,assets/library/iwin/horizontal/IWIN_CPD_WC26_728x90.gif,https://baner-meo-beo-cpu.github.io/banner-library/assets/library/iwin/horizontal/IWIN_CPD_WC26_728x90.gif,https://link-cua-anh.com/iwin/horizontal/14,1. CAT FISH,https://drive.google.com/file/d/1Dj93FbOFp71C3g9M-qD_THLKqj2JuaEa/view?usp=drivesdk
vj_horizontal_15_bottom,VJ,vj,horizontal,bottom_fixed,all,15,False,VJ_CPD_WC2026_728x90.gif,assets/library/vj/horizontal/VJ_CPD_WC2026_728x90.gif,https://baner-meo-beo-cpu.github.io/banner-library/assets/library/vj/horizontal/VJ_CPD_WC2026_728x90.gif,https://link-cua-anh.com/vj/horizontal/15,1. CAT FISH,https://drive.google.com/file/d/1FZue1PV9xfa4aY2uroPETMqKZPi1GC2i/view?usp=drivesdk
db_horizontal_16_bottom,DB,db,horizontal,bottom_fixed,all,16,False,DB_CPD_wc26_728x90.gif,assets/library/db/horizontal/DB_CPD_wc26_728x90.gif,https://baner-meo-beo-cpu.github.io/banner-library/assets/library/db/horizontal/DB_CPD_wc26_728x90.gif,https://link-cua-anh.com/db/horizontal/16,1. CAT FISH,https://drive.google.com/file/d/1EKpz-GESdPm0R5rO99a4vOhV647jv86T/view?usp=drivesdk
ta88_horizontal_17_bottom,TA88,ta88,horizontal,bottom_fixed,all,17,False,TA88_CPD_WC_728x90.gif,assets/library/ta88/horizontal/TA88_CPD_WC_728x90.gif,https://baner-meo-beo-cpu.github.io/banner-library/assets/library/ta88/horizontal/TA88_CPD_WC_728x90.gif,https://link-cua-anh.com/ta88/horizontal/17,1. CAT FISH,https://drive.google.com/file/d/1ll8o-RLkEQmsB4Umv9ud0tDn8UtpuPek/view?usp=drivesdk
lk88_horizontal_18_bottom,LK88,lk88,horizontal,bottom_fixed,all,18,False,LK88_CPD_WC26_728x90.gif,assets/library/lk88/horizontal/LK88_CPD_WC26_728x90.gif,https://baner-meo-beo-cpu.github.io/banner-library/assets/library/lk88/horizontal/LK88_CPD_WC26_728x90.gif,https://link-cua-anh.com/lk88/horizontal/18,1. CAT FISH,https://drive.google.com/file/d/1iIV6jghXi1INVZoCpAmJiEmJB5wiZTBL/view?usp=drivesdk
11bet_square_01_grid,11BET,11bet,square,content_grid,all,1,False,CPD_11BET_WC_500x500.gif,assets/library/11bet/square/CPD_11BET_WC_500x500.gif,https://baner-meo-beo-cpu.github.io/banner-library/assets/library/11bet/square/CPD_11BET_WC_500x500.gif,https://link-cua-anh.com/11bet/square/01,2. VUÔNG,https://drive.google.com/file/d/1rjIsyemerlGjRVuol8NWxdoUoIAtkXZl/view?usp=drivesdk
388bet_square_02_grid,388BET,388bet,square,content_grid,all,2,False,388BET_CPD-WC_600x500.gif,assets/library/388bet/square/388BET_CPD-WC_600x500.gif,https://baner-meo-beo-cpu.github.io/banner-library/assets/library/388bet/square/388BET_CPD-WC_600x500.gif,https://link-cua-anh.com/388bet/square/02,2. VUÔNG,https://drive.google.com/file/d/1ADfTuExiHc2FHMDFvy8EYuIEPzWx_dlh/view?usp=drivesdk
nbet_square_03_grid,NBET,nbet,square,content_grid,all,3,False,NBET_CPD_WC26_600x500.gif,assets/library/nbet/square/NBET_CPD_WC26_600x500.gif,https://baner-meo-beo-cpu.github.io/banner-library/assets/library/nbet/square/NBET_CPD_WC26_600x500.gif,https://link-cua-anh.com/nbet/square/03,2. VUÔNG,https://drive.google.com/file/d/1Yf0mwEu5Wl1G6jKtoKC2wwrK-Y6IR0sr/view?usp=drivesdk
db_square_04_grid,DB,db,square,content_grid,all,4,False,DB_CPD_wc26_500x500.gif,assets/library/db/square/DB_CPD_wc26_500x500.gif,https://baner-meo-beo-cpu.github.io/banner-library/assets/library/db/square/DB_CPD_wc26_500x500.gif,https://link-cua-anh.com/db/square/04,2. VUÔNG,https://drive.google.com/file/d/1M-HK7xhKZjahLiOLRL72AM2ttyr3RRCC/view?usp=drivesdk
lk88_square_05_mobile,LK88,lk88,square,mobile_grid,mobile,5,True,LK88_CPD_WC26_600x500.gif,assets/library/lk88/square/LK88_CPD_WC26_600x500.gif,https://baner-meo-beo-cpu.github.io/banner-library/assets/library/lk88/square/LK88_CPD_WC26_600x500.gif,https://link-cua-anh.com/lk88/square/05,2. VUÔNG,https://drive.google.com/file/d/1yWgmhn2C5RDM9qRYmNAa0yBDdcyUCSRH/view?usp=drivesdk
top_vertical_01_left,TOP,top,vertical,left_floating,desktop,1,True,TOP_CPD-WC2026_150x500.gif,assets/library/top/vertical/TOP_CPD-WC2026_150x500.gif,https://baner-meo-beo-cpu.github.io/banner-library/assets/library/top/vertical/TOP_CPD-WC2026_150x500.gif,https://link-cua-anh.com/top/vertical/01,3. DỌC,https://drive.google.com/file/d/1MUbcHuqGLBZ9agu6DZhZUEfxa_E_KLtz/view?usp=drivesdk
va_vertical_02_right,VA,va,vertical,right_floating,desktop,2,False,CPD_VA_WORLDCUP26_150x500.gif,assets/library/va/vertical/CPD_VA_WORLDCUP26_150x500.gif,https://baner-meo-beo-cpu.github.io/banner-library/assets/library/va/vertical/CPD_VA_WORLDCUP26_150x500.gif,https://link-cua-anh.com/va/vertical/02,3. DỌC,https://drive.google.com/file/d/1hlflFduG5BgMICaODsqIreAIsB_DSJhj/view?usp=drivesdk
ox_vertical_03_left,OX,ox,vertical,left_floating,desktop,3,False,OX_CPD_WC_150x500.gif,assets/library/ox/vertical/OX_CPD_WC_150x500.gif,https://baner-meo-beo-cpu.github.io/banner-library/assets/library/ox/vertical/OX_CPD_WC_150x500.gif,https://link-cua-anh.com/ox/vertical/03,3. DỌC,https://drive.google.com/file/d/1OXLnwgUvzTnLKoUYH3Ddsi5HLSrWDwLE/view?usp=drivesdk
11bet_vertical_04_right,11BET,11bet,vertical,right_floating,desktop,4,False,CPD_11BET_WC_160x600.gif,assets/library/11bet/vertical/CPD_11BET_WC_160x600.gif,https://baner-meo-beo-cpu.github.io/banner-library/assets/library/11bet/vertical/CPD_11BET_WC_160x600.gif,https://link-cua-anh.com/11bet/vertical/04,3. DỌC,https://drive.google.com/file/d/1q8YPhXV_x9XDClqmcMD98kw5jMhHWp8k/view?usp=drivesdk
nbet_vertical_05_left,NBET,nbet,vertical,left_floating,desktop,5,False,NBET_CPD_WC26_160x500.gif,assets/library/nbet/vertical/NBET_CPD_WC26_160x500.gif,https://baner-meo-beo-cpu.github.io/banner-library/assets/library/nbet/vertical/NBET_CPD_WC26_160x500.gif,https://link-cua-anh.com/nbet/vertical/05,3. DỌC,https://drive.google.com/file/d/1-R17jTqlle_65prIttzhlOHKLgDq-Oer/view?usp=drivesdk
fb_vertical_06_right,FB,fb,vertical,right_floating,desktop,6,False,FB_CPD_WC26_150x500.gif,assets/library/fb/vertical/FB_CPD_WC26_150x500.gif,https://baner-meo-beo-cpu.github.io/banner-library/assets/library/fb/vertical/FB_CPD_WC26_150x500.gif,https://link-cua-anh.com/fb/vertical/06,3. DỌC,https://drive.google.com/file/d/13q3N69DW8aH3B13E10IVKK7Cd5zTLYIZ/view?usp=drivesdk
bec_vertical_07_left,BEC,bec,vertical,left_floating,desktop,7,False,BEC_CPD_WC26_150X500.gif,assets/library/bec/vertical/BEC_CPD_WC26_150X500.gif,https://baner-meo-beo-cpu.github.io/banner-library/assets/library/bec/vertical/BEC_CPD_WC26_150X500.gif,https://link-cua-anh.com/bec/vertical/07,3. DỌC,https://drive.google.com/file/d/1ttrIZ8V-y1xoJMReRtoAqi3hpid-sobT/view?usp=drivesdk
388bet_vertical_08_right,388BET,388bet,vertical,right_floating,desktop,8,False,388BET_CPD-WC_150x500.gif,assets/library/388bet/vertical/388BET_CPD-WC_150x500.gif,https://baner-meo-beo-cpu.github.io/banner-library/assets/library/388bet/vertical/388BET_CPD-WC_150x500.gif,https://link-cua-anh.com/388bet/vertical/08,3. DỌC,https://drive.google.com/file/d/1wMHkz7xPUjDeo_Oda7N7sOCKTpCg5gjl/view?usp=drivesdk
big_vertical_09_right,BIG,big,vertical,right_floating,desktop,9,True,BIG_CPD-WC2026_150x500.gif,assets/library/big/vertical/BIG_CPD-WC2026_150x500.gif,https://baner-meo-beo-cpu.github.io/banner-library/assets/library/big/vertical/BIG_CPD-WC2026_150x500.gif,https://link-cua-anh.com/big/vertical/09,3. DỌC,https://drive.google.com/file/d/16YJ6lTyZVx8rKp2nF3xXbyfWdBOoXh3R/view?usp=drivesdk
fc_vertical_10_right,FC,fc,vertical,right_floating,desktop,10,False,FC_CPD_WC26_150x500.gif,assets/library/fc/vertical/FC_CPD_WC26_150x500.gif,https://baner-meo-beo-cpu.github.io/banner-library/assets/library/fc/vertical/FC_CPD_WC26_150x500.gif,https://link-cua-anh.com/fc/vertical/10,3. DỌC,https://drive.google.com/file/d/1mGSSaeVpJnpn7nI0VH8e2pvnL2NxlbM8/view?usp=drivesdk
ld_vertical_11_left,LD,ld,vertical,left_floating,desktop,11,False,LD_CPD_WC_V2_150x500.gif,assets/library/ld/vertical/LD_CPD_WC_V2_150x500.gif,https://baner-meo-beo-cpu.github.io/banner-library/assets/library/ld/vertical/LD_CPD_WC_V2_150x500.gif,https://link-cua-anh.com/ld/vertical/11,3. DỌC,https://drive.google.com/file/d/12St-4U7QqgnzVc08-md5J8F6yTQ8bM88/view?usp=drivesdk
tot_vertical_12_right,TOT,tot,vertical,right_floating,desktop,12,False,TOT_CPD-WC-2026_160x600.gif,assets/library/tot/vertical/TOT_CPD-WC-2026_160x600.gif,https://baner-meo-beo-cpu.github.io/banner-library/assets/library/tot/vertical/TOT_CPD-WC-2026_160x600.gif,https://link-cua-anh.com/tot/vertical/12,3. DỌC,https://drive.google.com/file/d/1uoxc2AY1BDky55ZluXu7xW7Y1QUwldhP/view?usp=drivesdk
iwin_vertical_13_left,IWIN,iwin,vertical,left_floating,desktop,13,False,IWIN_CPD_WC26_150x500.gif,assets/library/iwin/vertical/IWIN_CPD_WC26_150x500.gif,https://baner-meo-beo-cpu.github.io/banner-library/assets/library/iwin/vertical/IWIN_CPD_WC26_150x500.gif,https://link-cua-anh.com/iwin/vertical/13,3. DỌC,https://drive.google.com/file/d/1Z6dXxfiqrdN4fVFVG03SktBeRQAgAYCc/view?usp=drivesdk
vj_vertical_14_right,VJ,vj,vertical,right_floating,desktop,14,False,VJ_CPD_WC2026_150x500.gif,assets/library/vj/vertical/VJ_CPD_WC2026_150x500.gif,https://baner-meo-beo-cpu.github.io/banner-library/assets/library/vj/vertical/VJ_CPD_WC2026_150x500.gif,https://link-cua-anh.com/vj/vertical/14,3. DỌC,https://drive.google.com/file/d/1fxlsQAltBnD1HlDp4l0ajZWMmG_mvbBl/view?usp=drivesdk
one88_vertical_15_left,ONE88,one88,vertical,left_floating,desktop,15,False,One88_CPD_WC26_130x300.gif,assets/library/one88/vertical/One88_CPD_WC26_130x300.gif,https://baner-meo-beo-cpu.github.io/banner-library/assets/library/one88/vertical/One88_CPD_WC26_130x300.gif,https://link-cua-anh.com/one88/vertical/15,3. DỌC,https://drive.google.com/file/d/1jWxkl1Rj8YPrT6G_sQLGvXxYRy_xjwIF/view?usp=drivesdk
db_vertical_16_right,DB,db,vertical,right_floating,desktop,16,False,DB_CPD_wc26_150x500.gif,assets/library/db/vertical/DB_CPD_wc26_150x500.gif,https://baner-meo-beo-cpu.github.io/banner-library/assets/library/db/vertical/DB_CPD_wc26_150x500.gif,https://link-cua-anh.com/db/vertical/16,3. DỌC,https://drive.google.com/file/d/1Z6W0-uUjHmHchHYGIbc-Y3lTjxSCw3ah/view?usp=drivesdk
ta88_vertical_17_left,TA88,ta88,vertical,left_floating,desktop,17,False,TA88_CPD_WC_150x500.gif,assets/library/ta88/vertical/TA88_CPD_WC_150x500.gif,https://baner-meo-beo-cpu.github.io/banner-library/assets/library/ta88/vertical/TA88_CPD_WC_150x500.gif,https://link-cua-anh.com/ta88/vertical/17,3. DỌC,https://drive.google.com/file/d/1ZmaHEM0fRUGIvMMRswc_mkbthTFpzstB/view?usp=drivesdk
lk88_vertical_18_right,LK88,lk88,vertical,right_floating,desktop,18,False,LK88_CPD_WC26_150x500.gif,assets/library/lk88/vertical/LK88_CPD_WC26_150x500.gif,https://baner-meo-beo-cpu.github.io/banner-library/assets/library/lk88/vertical/LK88_CPD_WC26_150x500.gif,https://link-cua-anh.com/lk88/vertical/18,3. DỌC,https://drive.google.com/file/d/1A_yZqQUafJR0kNRMkM1OMa2hBK3f-chz/view?usp=drivesdk
